[
  {
    "Tipo_piel": 1,
    "Tipo": "",
    "Id": 1,
    "Nombre": "Cerave crema hidratante",
    "Precio": 15000.0,
    "Peso": 340.0
  },
  {
    "Tipo_piel": 0,
    "Tipo": "",
    "Id": 2,
    "Nombre": "La roche posay effaclar gel",
    "Precio": 18000.0,
    "Peso": 200.0
  },
  {
    "Tipo_piel": 0,
    "Tipo": "",
    "Id": 3,
    "Nombre": "Eucerin Hyaluron-Filler SPF30",
    "Precio": 25000.0,
    "Peso": 50.0
  },
  {
    "Tipo_piel": 0,
    "Tipo": "",
    "Id": 4,
    "Nombre": "Vichy Mineral 89",
    "Precio": 23000.0,
    "Peso": 50.0
  },
  {
    "Tipo_piel": 3,
    "Tipo": "",
    "Id": 5,
    "Nombre": "Bioderma Sensibio H2O",
    "Precio": 11000.0,
    "Peso": 250.0
  },
  {
    "Tipo_piel": 0,
    "Tipo": "",
    "Id": 6,
    "Nombre": "Neutrogena Hydro Boost Gel",
    "Precio": 12000.0,
    "Peso": 50.0
  },
  {
    "Tipo_piel": 0,
    "Tipo": "",
    "Id": 7,
    "Nombre": "Isdin Fusion Water SPF50",
    "Precio": 18500.0,
    "Peso": 50.0
  },
  {
    "Tipo_piel": 0,
    "Tipo": "",
    "Id": 8,
    "Nombre": "Avene Cleanance Gel",
    "Precio": 15000.0,
    "Peso": 200.0
  },
  {
    "Tipo_piel": 1,
    "Tipo": "",
    "Id": 9,
    "Nombre": "Cetaphil Gentle Cleanser",
    "Precio": 10000.0,
    "Peso": 237.0
  },
  {
    "Tipo_piel": 3,
    "Tipo": "",
    "Id": 10,
    "Nombre": "Nivea MicellAIR Agua Micelar",
    "Precio": 7000.0,
    "Peso": 400.0
  },
  {
    "Tipo_piel": 1,
    "Tipo": "",
    "Id": 11,
    "Nombre": "CeraVe SA Smoothing Cream",
    "Precio": 17000.0,
    "Peso": 340.0
  },
  {
    "Tipo_piel": 3,
    "Tipo": "",
    "Id": 12,
    "Nombre": "La Roche Posay Toleriane Ultra",
    "Precio": 22000.0,
    "Peso": 40.0
  },
  {
    "Tipo_piel": 1,
    "Tipo": "",
    "Id": 13,
    "Nombre": "Eucerin pH5 Locion",
    "Precio": 14000.0,
    "Peso": 400.0
  },
  {
    "Tipo_piel": 0,
    "Tipo": "",
    "Id": 14,
    "Nombre": "Bioderma Sebium Gel Moussant",
    "Precio": 10000.0,
    "Peso": 200.0
  },
  {
    "Tipo_piel": 1,
    "Tipo": "",
    "Id": 15,
    "Nombre": "Nuxe Reve de Miel Balsamo",
    "Precio": 12000.0,
    "Peso": 15.0
  },
  {
    "Tipo_piel": 0,
    "Tipo": "",
    "Id": 16,
    "Nombre": "Vichy Normaderm Phytosolution",
    "Precio": 20000.0,
    "Peso": 50.0
  },
  {
    "Tipo_piel": 0,
    "Tipo": "",
    "Id": 17,
    "Nombre": "CeraVe Foaming Cleanser",
    "Precio": 13000.0,
    "Peso": 236.0
  },
  {
    "Tipo_piel": 1,
    "Tipo": "",
    "Id": 18,
    "Nombre": " La Roche Posay Lipikar Baume AP",
    "Precio": 19000.0,
    "Peso": 400.0
  },
  {
    "Tipo_piel": 3,
    "Tipo": "",
    "Id": 18,
    "Nombre": "Avene Agua Termal",
    "Precio": 10000.0,
    "Peso": 300.0
  },
  {
    "Tipo_piel": 3,
    "Tipo": "",
    "Id": 19,
    "Nombre": "Avene Agua Termal",
    "Precio": 10000.0,
    "Peso": 300.0
  },
  {
    "Tipo_piel": 0,
    "Tipo": "",
    "Id": 20,
    "Nombre": "Isdin Fotoprotector Gel Cream",
    "Precio": 15500.0,
    "Peso": 200.0
  },
  {
    "Tipo_piel": 0,
    "Tipo": "",
    "Id": 21,
    "Nombre": "Eucerin DermoPure Gel",
    "Precio": 16000.0,
    "Peso": 200.0
  },
  {
    "Tipo_piel": 0,
    "Tipo": "",
    "Id": 22,
    "Nombre": "Cetaphil Pro Oil Control Espum",
    "Precio": 12500.0,
    "Peso": 237.0
  },
  {
    "Tipo_piel": 1,
    "Tipo": "",
    "Id": 23,
    "Nombre": "Bioderma Atoderm Cream",
    "Precio": 18000.0,
    "Peso": 500.0
  },
  {
    "Tipo_piel": 0,
    "Tipo": "",
    "Id": 24,
    "Nombre": "Nivea Soft Crema Hidratante",
    "Precio": 4000.0,
    "Peso": 200.0
  },
  {
    "Tipo_piel": 0,
    "Tipo": "",
    "Id": 25,
    "Nombre": "Neutrogena Clear & Defend Gel",
    "Precio": 9000.0,
    "Peso": 200.0
  }
]