[
  {
    "Laboratorio": "MSD",
    "Tipo": "",
    "Bioequivalente": "si",
    "Req_Receta": false,
    "Id": 8,
    "Nombre": "Omeprazol ",
    "Precio": 3500.0,
    "Peso": 20.0
  },
  {
    "Laboratorio": "MSD",
    "Tipo": "",
    "Bioequivalente": "NO",
    "Req_Receta": true,
    "Id": 1,
    "Nombre": "Emend",
    "Precio": 49920.0,
    "Peso": 125.0
  },
  {
    "Laboratorio": "MSD",
    "Tipo": "",
    "Bioequivalente": "NO",
    "Req_Receta": true,
    "Id": 2,
    "Nombre": "Janumet",
    "Precio": 15820.0,
    "Peso": 125.0
  },
  {
    "Laboratorio": "MSD",
    "Tipo": "",
    "Bioequivalente": "NO",
    "Req_Receta": true,
    "Id": 3,
    "Nombre": "Keytruda",
    "Precio": 2682984.0,
    "Peso": 100.0
  },
  {
    "Laboratorio": "MSD",
    "Tipo": "",
    "Bioequivalente": "SI",
    "Req_Receta": true,
    "Id": 4,
    "Nombre": "Paracetamol",
    "Precio": 700.0,
    "Peso": 500.0
  },
  {
    "Laboratorio": "FARMASIERRA MANUFACTURING, S.L",
    "Tipo": "",
    "Bioequivalente": "SI",
    "Req_Receta": true,
    "Id": 5,
    "Nombre": "Ibuprofeno",
    "Precio": 900.0,
    "Peso": 400.0
  },
  {
    "Laboratorio": "Torrent Pharmaceuticals Limited",
    "Tipo": "",
    "Bioequivalente": "SI",
    "Req_Receta": true,
    "Id": 6,
    "Nombre": "Losartan",
    "Precio": 4000.0,
    "Peso": 50.0
  },
  {
    "Laboratorio": "Laboratorio REIG JOFRE, S.A.",
    "Tipo": "",
    "Bioequivalente": "SI",
    "Req_Receta": true,
    "Id": 7,
    "Nombre": "Amoxicilina",
    "Precio": 8000.0,
    "Peso": 500.0
  },
  {
    "Laboratorio": "LABORATORIOS JULIO TRIGO",
    "Tipo": "",
    "Bioequivalente": "SI",
    "Req_Receta": true,
    "Id": 8,
    "Nombre": "Omeprazol",
    "Precio": 8000.0,
    "Peso": 500.0
  },
  {
    "Laboratorio": "Neuraxpharm",
    "Tipo": "",
    "Bioequivalente": "SI",
    "Req_Receta": true,
    "Id": 9,
    "Nombre": "Clonazepam",
    "Precio": 3000.0,
    "Peso": 2.0
  },
  {
    "Laboratorio": "Neuraxpharm",
    "Tipo": "",
    "Bioequivalente": "SI",
    "Req_Receta": true,
    "Id": 10,
    "Nombre": "Metformina",
    "Precio": 4000.0,
    "Peso": 850.0
  },
  {
    "Laboratorio": "LaboratorioCHILE",
    "Tipo": "",
    "Bioequivalente": "SI",
    "Req_Receta": true,
    "Id": 12,
    "Nombre": "Prednisona",
    "Precio": 1200.0,
    "Peso": 5.0
  },
  {
    "Laboratorio": "LaboratorioCHILE",
    "Tipo": "",
    "Bioequivalente": "SI",
    "Req_Receta": true,
    "Id": 13,
    "Nombre": "Salbutamol",
    "Precio": 7000.0,
    "Peso": 15.0
  },
  {
    "Laboratorio": "LaboratorioCHILE",
    "Tipo": "",
    "Bioequivalente": "SI",
    "Req_Receta": true,
    "Id": 14,
    "Nombre": "Atorvastatina",
    "Precio": 3000.0,
    "Peso": 20.0
  },
  {
    "Laboratorio": "LaboratorioCHILE",
    "Tipo": "",
    "Bioequivalente": "SI",
    "Req_Receta": true,
    "Id": 15,
    "Nombre": "Cefadroxilo",
    "Precio": 8500.0,
    "Peso": 500.0
  },
  {
    "Laboratorio": "LaboratorioCHILE",
    "Tipo": "",
    "Bioequivalente": "SI",
    "Req_Receta": true,
    "Id": 16,
    "Nombre": "Ciprofloxacino",
    "Precio": 7000.0,
    "Peso": 500.0
  },
  {
    "Laboratorio": "LaboratorioCHILE",
    "Tipo": "",
    "Bioequivalente": "NO",
    "Req_Receta": true,
    "Id": 17,
    "Nombre": "Tadalafil",
    "Precio": 10000.0,
    "Peso": 20.0
  },
  {
    "Laboratorio": "LaboratorioCHILE",
    "Tipo": "",
    "Bioequivalente": "NO",
    "Req_Receta": true,
    "Id": 18,
    "Nombre": "Cetirizina",
    "Precio": 2000.0,
    "Peso": 10.0
  },
  {
    "Laboratorio": "LaboratorioCHILE",
    "Tipo": "",
    "Bioequivalente": "SI",
    "Req_Receta": true,
    "Id": 19,
    "Nombre": "Dexametasona",
    "Precio": 3000.0,
    "Peso": 4.0
  },
  {
    "Laboratorio": "LaboratorioCHILE",
    "Tipo": "",
    "Bioequivalente": "SI",
    "Req_Receta": true,
    "Id": 20,
    "Nombre": "Diclofenaco",
    "Precio": 2500.0,
    "Peso": 50.0
  },
  {
    "Laboratorio": null,
    "Tipo": "",
    "Bioequivalente": "SI",
    "Req_Receta": true,
    "Id": 21,
    "Nombre": "Clopidogrel",
    "Precio": 9000.0,
    "Peso": 75.0
  },
  {
    "Laboratorio": null,
    "Tipo": "",
    "Bioequivalente": "SI",
    "Req_Receta": true,
    "Id": 22,
    "Nombre": "Levotiroxina",
    "Precio": 6000.0,
    "Peso": 50.0
  },
  {
    "Laboratorio": "LABORATORIOCHILE",
    "Tipo": "",
    "Bioequivalente": "SI",
    "Req_Receta": true,
    "Id": 23,
    "Nombre": "Esomeprazol",
    "Precio": 5500.0,
    "Peso": 20.0
  },
  {
    "Laboratorio": "LABORATORIOCHILE",
    "Tipo": "",
    "Bioequivalente": "NO",
    "Req_Receta": true,
    "Id": 23,
    "Nombre": "Alprazolam",
    "Precio": 3500.0,
    "Peso": 20.0
  },
  {
    "Laboratorio": "LABORATORIOCHILE",
    "Tipo": "",
    "Bioequivalente": "NO",
    "Req_Receta": true,
    "Id": 24,
    "Nombre": "Alprazolam",
    "Precio": 3500.0,
    "Peso": 20.0
  },
  {
    "Laboratorio": "LABORATORIOCHILE",
    "Tipo": "",
    "Bioequivalente": "SI",
    "Req_Receta": true,
    "Id": 25,
    "Nombre": "Rosuvastatina ",
    "Precio": 12000.0,
    "Peso": 10.0
  }
]