[
  {
    "Id": 1,
    "Turno": 0,
    "Contrasenia": "buenardo",
    "Sueldo_bruto": 0.0,
    "Descuentos_previsionales": 0.0,
    "Rut": 0,
    "Verificador": 0,
    "Nombre": "Jhon Wick",
    "Apellido_paterno": "",
    "Fecha_nacimiento": "1964-09-02T00:00:00"
  },
  {
    "Id": 0,
    "Turno": 0,
    "Contrasenia": "s",
    "Sueldo_bruto": 0.0,
    "Descuentos_previsionales": 0.0,
    "Rut": 0,
    "Verificador": 0,
    "Nombre": "ff",
    "Apellido_paterno": "",
    "Fecha_nacimiento": "2021-08-25T00:00:00"
  },
  {
    "Id": 0,
    "Turno": 0,
    "Contrasenia": "123",
    "Sueldo_bruto": 0.0,
    "Descuentos_previsionales": 0.0,
    "Rut": 0,
    "Verificador": 0,
    "Nombre": "Daniel",
    "Apellido_paterno": "",
    "Fecha_nacimiento": "1997-11-15T00:00:00"
  },
  {
    "Id": 0,
    "Turno": 0,
    "Contrasenia": "123",
    "Sueldo_bruto": 0.0,
    "Descuentos_previsionales": 0.0,
    "Rut": 0,
    "Verificador": 0,
    "Nombre": "daniel",
    "Apellido_paterno": "",
    "Fecha_nacimiento": "1997-11-15T00:00:00"
  }
]